[
  {"id":1,"module":1,"q":"Dlaczego Koordynator musi standaryzowaÄ‡ wdroĹĽenia?","options":{"A":"Bo tempo adopcji narzÄ™dzi jest bardzo wysokie","B":"Bo narzÄ™dzia dziaĹ‚ajÄ… tylko w weekendy","C":"Bo CRM jest zabroniony","D":"Bo eventy sÄ… nielegalne"},"correct":"A"},
  {"id":2,"module":1,"q":"KtĂłra kategoria E&M ma byÄ‡ najwiÄ™ksza w 2025+?","options":{"A":"Reklama","B":"DostÄ™p do Internetu","C":"Wydatki konsumenckie","D":"Wydarzenia na ĹĽywo"},"correct":"A"}
]