[
  {"id":1,"module":1,"q":"Dlaczego Koordynator musi standaryzować wdrożenia?","options":{"A":"Bo tempo adopcji narzędzi jest bardzo wysokie","B":"Bo narzędzia działają tylko w weekendy","C":"Bo CRM jest zabroniony","D":"Bo eventy są nielegalne"},"correct":"A"},
  {"id":2,"module":1,"q":"Która kategoria E&M ma być największa w 2025+?","options":{"A":"Reklama","B":"Dostęp do Internetu","C":"Wydatki konsumenckie","D":"Wydarzenia na żywo"},"correct":"A"},
  {"id":3,"module":2,"q":"Kto może zostać Koordynatorem Reklamy?","options":{"A":"Każdy Promotor po spełnieniu warunków i szkoleniu","B":"Wyłącznie osoby z tytułem magistra","C":"Osoby niepełnoletnie","D":"Tylko etatowi pracownicy"},"correct":"A"},
  {"id":4,"module":2,"q":"Główna rola Promotora to:","options":{"A":"Promowanie Partnerów i uczestnictwo w konkursach","B":"Prowadzenie księgowości Partnera","C":"Zarządzanie serwerami","D":"Świadczenie usług prawnych"},"correct":"A"},
  {"id":5,"module":2,"q":"Do zadań KR należą m.in.:","options":{"A":"Tworzenie e‑wizytówki i planu promocji","B":"Wystawianie faktur za Partnera","C":"Prowadzenie kadr","D":"Obsługa magazynu"},"correct":"A"},
  {"id":6,"module":3,"q":"Co oznacza, że sieć jest fraktalna?","options":{"A":"Można prześledzić powiązania w górę i w dół w nieskończoność","B":"Struktura jest jednowarstwowa","C":"Nie ma zależności pionowych","D":"Każdy działa osobno"},"correct":"A"},
  {"id":7,"module":3,"q":"Jaki jest podstawowy cykl pracy z Promotorami?","options":{"A":"Przyciągnij, Wdroż, Aktywuj, Utrzymaj","B":"Sprzedaj, Zamknij, Zapomnij, Powtórz","C":"Zatrudnij, Zwolnij, Audytuj, Raportuj","D":"Projektuj, Buduj, Testuj, Wdrażaj"},"correct":"A"},
  {"id":8,"module":4,"q":"Minimalna prowizja deklarowana przez Partnera wynosi:","options":{"A":"2%","B":"0,5%","C":"10%","D":"25%"},"correct":"A"},
  {"id":9,"module":4,"q":"Domyślna pula do podziału C przyjęta w prezentacjach to:","options":{"A":"2/3 prowizji Partnera","B":"Cały obrót brutto","C":"Stałe 100 EUR","D":"1/3 prowizji Partnera"},"correct":"A"},
  {"id":10,"module":4,"q":"Docelowy rozkład puli C przy pełnej obsadzie ról to:","options":{"A":"PR 40%, KR 35%, MR 25%","B":"PR 50%, KR 50%, MR 0%","C":"PR 25%, KR 25%, MR 50%","D":"PR 100%, reszta 0%"},"correct":"A"},
  {"id":11,"module":4,"q":"Na czym polega zasada bilansu?","options":{"A":"Każdy wyższy poziom uzupełnia udział do swojego progu","B":"Wszyscy dostają po równo","C":"Tylko PR dostaje 100%","D":"Wypłaty liczymy od góry do dołu"},"correct":"A"},
  {"id":12,"module":4,"q":"Jeśli brakuje KR na ścieżce w górę, to:","options":{"A":"Udział KR bilansowo przejmuje MR","B":"Udział KR przepada","C":"Dostaje go przypadkowa osoba","D":"Wypłacamy mniej PR"},"correct":"A"},
  {"id":13,"module":4,"q":"KR otrzymuje (Pakiety Usług):","options":{"A":"30%","B":"10%","C":"50%","D":"1,33%"},"correct":"A"},
  {"id":14,"module":4,"q":"MR za własną sprzedaż Pakietów Usług otrzymuje:","options":{"A":"50%","B":"30%","C":"5%","D":"1%"},"correct":"A"},
  {"id":15,"module":4,"q":"Premie KR (miesięcznie) osiąga się od progu:","options":{"A":"24 000 PLN netto","B":"4 000 PLN netto","C":"240 000 PLN netto","D":"2 400 PLN netto"},"correct":"A"},
  {"id":16,"module":4,"q":"Warunek awansu na MR:","options":{"A":"≥200 001 PLN/mies. przez 3 mies. z rzędu","B":"Jedna sprzedaż pakietu","C":"Egzamin roczny","D":"Brak wymagań"},"correct":"A"},
  {"id":17,"module":4,"q":"Rentier otrzymuje:","options":{"A":"0,5% od obrotu MR po progu + 0,1% do 4 generacji (po bilansie)","B":"Stałe 10%","C":"Wyłącznie punkty","D":"Tylko jednorazową premię"},"correct":"A"},
  {"id":18,"module":2,"q":"Co NIE jest zadaniem KR:","options":{"A":"Prowadzenie księgowości Partnera","B":"Tworzenie e‑wizytówki","C":"Planowanie kampanii","D":"Szkolenie Promotorów"},"correct":"A"},
  {"id":19,"module":3,"q":"Który wskaźnik NIE jest KPI startowym?","options":{"A":"Punktacja sportowa","B":"100 skanów QR/30 dni","C":"30 transakcji/30 dni","D":"2 kampanie/mies. + 1 konkurs"},"correct":"A"},
  {"id":20,"module":1,"q":"Powrót wydarzeń na żywo oznacza:","options":{"A":"Łączenie offline + online (leady, remarketing)","B":"Zakaz digitalu","C":"Koniec social media","D":"Wyłącznie ulotki"},"correct":"A"},
  {"id":21,"module":4,"q":"W przykładzie z C=666,67 €, ile dostaje MR (pełna obsada ról)?","options":{"A":"166,67 €","B":"233,33 €","C":"266,67 €","D":"333,33 €"},"correct":"A"},
  {"id":22,"module":4,"q":"W bilansie „pierwszy uprawniony od dołu” liczymy:","options":{"A":"PR → pierwszy KR → pierwszy MR","B":"MR → KR → PR","C":"Losowo","D":"Tylko PR"},"correct":"A"},
  {"id":23,"module":2,"q":"Menadżer Regionalny przede wszystkim:","options":{"A":"Buduje i organizuje sieć KR/PR, wspiera pozyskanie Partnerów","B":"Projektuje strony www","C":"Prowadzi magazyn","D":"Świadczy usługi prawne"},"correct":"A"},
  {"id":24,"module":5,"q":"Model Success Fee oznacza:","options":{"A":"Wynagrodzenie zależne od efektu","B":"Stałą pensję niezależnie od wyniku","C":"Brak rozliczeń","D":"Tylko opłaty z góry"},"correct":"A"},
  {"id":25,"module":5,"q":"Kodeks wymaga, by KR:","options":{"A":"Nie pozyskiwał Partnerów bez zapewnienia opieki","B":"Zamykał sprzedaż na siłę","C":"Ignorował autonomię klienta","D":"Ukrywał wyniki kampanii"},"correct":"A"},
  {"id":26,"module":4,"q":"Jeśli jedna osoba ma naraz statusy PR+KR+MR, to:","options":{"A":"Otrzymuje 100% należnych wypłat z tej transakcji","B":"Otrzymuje tylko PR","C":"Reszta przepada","D":"Dostaje tylko premie konkursowe"},"correct":"A"},
  {"id":27,"module":4,"q":"Pakiety Usług – prowizje promocyjne dla PR (konkurs) to m.in.:","options":{"A":"Student 2%, Mini 3%, Standard 4%, Premium 5%, Licencja MR 10%","B":"Wszystkie 1%","C":"Stałe 12%","D":"Brak cashbacku"},"correct":"A"},
  {"id":28,"module":2,"q":"Korzyści KR to m.in.:","options":{"A":"Przychody z działań promocyjnych, konkursy, rozwój i kontakty","B":"Stały etat u Partnera","C":"Tylko zwrot kosztów paliwa","D":"Wyłącznie praca biurowa"},"correct":"A"},
  {"id":29,"module":2,"q":"Aby zmienić status w systemie, każdy najpierw musi:","options":{"A":"Zarejestrować się jako Promotor","B":"Być od razu MR","C":"Zdać egzamin państwowy","D":"Mieć licencję trenerską"},"correct":"A"},
  {"id":30,"module":2,"q":"KR może zostać:","options":{"A":"Wyłącznie przedsiębiorca (umowa B2B)","B":"Każdy niepełnoletni","C":"Tylko pracownik etatowy","D":"Osoba bez rejestracji"},"correct":"A"},
  {"id":31,"module":2,"q":"Kandydat na KR:","options":{"A":"Do 365 dni, na rekomendację MR lub KR, bez własnej DG","B":"Na 7 dni, bez rekomendacji","C":"Na zawsze, bez limitu","D":"Tylko po licencji MR"},"correct":"A"},
  {"id":32,"module":2,"q":"MR może zostać wyłącznie osoba, która:","options":{"A":"Jest pełnoprawnym KR i ma certyfikat tego kursu","B":"Pominęła etap KR","C":"Nie ma konta w systemie","D":"Nie przeszła szkolenia"},"correct":"A"},
  {"id":33,"module":4,"q":"Jeśli jesteś pierwszym KR i jednocześnie MR nad transakcją PR w Twojej sieci, to:","options":{"A":"Dostajesz łącznie część KR i MR, PR pobiera cashback","B":"Dostajesz tylko MR","C":"Dostajesz tylko KR","D":"Nikt nie dostaje KR/MR"},"correct":"A"},
  {"id":34,"module":4,"q":"Rentier (MR honorowy) naliczany jest:","options":{"A":"Per „promień” (pierwszy fraktal) do 4 generacji; można mieć wiele kwot","B":"Tylko raz na całe życie","C":"Wyłącznie z jednego partnera","D":"Losowo"},"correct":"A"},
  {"id":35,"module":4,"q":"Standardowy limit po stronie Partnera (prowizja+rabat) w formularzu to:","options":{"A":"30%","B":"10%","C":"70%","D":"Brak limitu"},"correct":"A"},
  {"id":36,"module":4,"q":"Maksymalny dopuszczalny koszt (prowizja+rabat) to:","options":{"A":"50% – przy tym progu blokujemy e‑umowę","B":"40% – zawsze blokada","C":"20% – zawsze blokada","D":"60% – bez blokad"},"correct":"A"},
  {"id":37,"module":6,"q":"Jaki jest główny cel Pakietu Powitalnego?","options":{"A":"Dostarczyć dowód wartości (ruch/transakcje) bez kosztów Partnera","B":"Natychmiast sprzedać drogi pakiet","C":"Zebrać dane i zakończyć współpracę","D":"Ukryć wyniki"},"correct":"A"},
  {"id":38,"module":6,"q":"Jakiego języka powinniśmy używać w rozmowie z Partnerem?","options":{"A":"Doradczy: „rekomenduję”, „opcje skalowania”","B":"Presyjny: „musimy podpisać dziś”","C":"Techniczny bez wyjaśnień","D":"Brak komunikacji"},"correct":"A"},
  {"id":39,"module":6,"q":"Kiedy rozmawiamy o płatnych Pakietach Usług?","options":{"A":"Po raporcie z efektu Pakietu Powitalnego i decyzji Partnera o skalowaniu","B":"Zanim cokolwiek uruchomimy","C":"Nigdy","D":"Wyłącznie przez e‑mail"},"correct":"A"},
  {"id":40,"module":6,"q":"Które zdanie oddaje filozofię kursu?","options":{"A":"Doradzamy, wspieramy i pomagamy – nie sprzedajemy pakietów","B":"Sprzedajemy za wszelką cenę","C":"Rezygnujemy z raportów","D":"Ukrywamy prowizje"},"correct":"A"},
  {"id":41,"module":3,"q":"Jaki mikro‑cel stosujemy na starcie u Partnera?","options":{"A":"„10 paragonów z QR” w 7 dni","B":"1000 telefonów cold‑call","C":"10 billboardów","D":"Zakaz publikacji"},"correct":"A"},
  {"id":42,"module":2,"q":"Czy można zostać MR bez ukończenia kursu i bycia KR?","options":{"A":"Nie – ścieżki nie da się przeskoczyć","B":"Tak, jeśli ma się duże zasięgi","C":"Tak, po tygodniu","D":"Tak, bez rejestracji PR"},"correct":"A"}
]